Kjonn,Fargeblind
Gutt,Ja
Gutt,Ja
Gutt,Ja
Gutt,Ja
Gutt,Ja
Gutt,Ja
Gutt,Ja
Gutt,Ja
Gutt,Ja
Gutt,Ja
Gutt,Ja
Gutt,Ja
Gutt,Ja
Gutt,Ja
Gutt,Ja
Gutt,Ja
Gutt,Ja
Gutt,Ja
Gutt,Ja
Gutt,Ja
Gutt,Ja
Gutt,Ja
Gutt,Ja
Gutt,Ja
Gutt,Nei
Gutt,Nei
Gutt,Nei
Gutt,Nei
Gutt,Nei
Gutt,Nei
Gutt,Nei
Gutt,Nei
Gutt,Nei
Gutt,Nei
Gutt,Nei
Gutt,Nei
Gutt,Nei
Gutt,Nei
Gutt,Nei
Gutt,Nei
Gutt,Nei
Gutt,Nei
Gutt,Nei
Gutt,Nei
Gutt,Nei
Gutt,Nei
Gutt,Nei
Gutt,Nei
Gutt,Nei
Gutt,Nei
Gutt,Nei
Gutt,Nei
Gutt,Nei
Gutt,Nei
Gutt,Nei
Gutt,Nei
Gutt,Nei
Gutt,Nei
Gutt,Nei
Gutt,Nei
Gutt,Nei
Gutt,Nei
Gutt,Nei
Gutt,Nei
Gutt,Nei
Gutt,Nei
Gutt,Nei
Gutt,Nei
Gutt,Nei
Gutt,Nei
Gutt,Nei
Gutt,Nei
Gutt,Nei
Gutt,Nei
Gutt,Nei
Gutt,Nei
Gutt,Nei
Gutt,Nei
Gutt,Nei
Gutt,Nei
Gutt,Nei
Gutt,Nei
Gutt,Nei
Gutt,Nei
Gutt,Nei
Gutt,Nei
Gutt,Nei
Gutt,Nei
Gutt,Nei
Gutt,Nei
Gutt,Nei
Gutt,Nei
Gutt,Nei
Gutt,Nei
Gutt,Nei
Gutt,Nei
Gutt,Nei
Gutt,Nei
Gutt,Nei
Gutt,Nei
Gutt,Nei
Gutt,Nei
Gutt,Nei
Gutt,Nei
Gutt,Nei
Gutt,Nei
Gutt,Nei
Gutt,Nei
Gutt,Nei
Gutt,Nei
Gutt,Nei
Gutt,Nei
Gutt,Nei
Gutt,Nei
Gutt,Nei
Gutt,Nei
Gutt,Nei
Gutt,Nei
Gutt,Nei
Gutt,Nei
Gutt,Nei
Gutt,Nei
Gutt,Nei
Gutt,Nei
Gutt,Nei
Gutt,Nei
Gutt,Nei
Gutt,Nei
Gutt,Nei
Gutt,Nei
Gutt,Nei
Gutt,Nei
Gutt,Nei
Gutt,Nei
Gutt,Nei
Gutt,Nei
Gutt,Nei
Gutt,Nei
Gutt,Nei
Gutt,Nei
Gutt,Nei
Gutt,Nei
Gutt,Nei
Gutt,Nei
Gutt,Nei
Gutt,Nei
Gutt,Nei
Gutt,Nei
Gutt,Nei
Gutt,Nei
Gutt,Nei
Gutt,Nei
Gutt,Nei
Gutt,Nei
Gutt,Nei
Gutt,Nei
Gutt,Nei
Gutt,Nei
Gutt,Nei
Gutt,Nei
Gutt,Nei
Gutt,Nei
Gutt,Nei
Gutt,Nei
Gutt,Nei
Gutt,Nei
Gutt,Nei
Gutt,Nei
Gutt,Nei
Gutt,Nei
Gutt,Nei
Gutt,Nei
Gutt,Nei
Gutt,Nei
Gutt,Nei
Gutt,Nei
Gutt,Nei
Gutt,Nei
Gutt,Nei
Gutt,Nei
Gutt,Nei
Gutt,Nei
Gutt,Nei
Gutt,Nei
Gutt,Nei
Gutt,Nei
Gutt,Nei
Gutt,Nei
Gutt,Nei
Gutt,Nei
Gutt,Nei
Gutt,Nei
Gutt,Nei
Gutt,Nei
Gutt,Nei
Gutt,Nei
Gutt,Nei
Gutt,Nei
Gutt,Nei
Gutt,Nei
Gutt,Nei
Gutt,Nei
Gutt,Nei
Gutt,Nei
Gutt,Nei
Gutt,Nei
Gutt,Nei
Gutt,Nei
Gutt,Nei
Gutt,Nei
Gutt,Nei
Gutt,Nei
Gutt,Nei
Gutt,Nei
Gutt,Nei
Gutt,Nei
Gutt,Nei
Gutt,Nei
Gutt,Nei
Gutt,Nei
Gutt,Nei
Gutt,Nei
Gutt,Nei
Gutt,Nei
Gutt,Nei
Gutt,Nei
Gutt,Nei
Gutt,Nei
Gutt,Nei
Gutt,Nei
Gutt,Nei
Gutt,Nei
Gutt,Nei
Gutt,Nei
Gutt,Nei
Gutt,Nei
Gutt,Nei
Gutt,Nei
Gutt,Nei
Gutt,Nei
Gutt,Nei
Gutt,Nei
Gutt,Nei
Gutt,Nei
Gutt,Nei
Gutt,Nei
Gutt,Nei
Gutt,Nei
Gutt,Nei
Gutt,Nei
Gutt,Nei
Gutt,Nei
Gutt,Nei
Gutt,Nei
Gutt,Nei
Gutt,Nei
Gutt,Nei
Gutt,Nei
Gutt,Nei
Gutt,Nei
Gutt,Nei
Gutt,Nei
Gutt,Nei
Gutt,Nei
Gutt,Nei
Gutt,Nei
Gutt,Nei
Gutt,Nei
Gutt,Nei
Gutt,Nei
Gutt,Nei
Gutt,Nei
Gutt,Nei
Gutt,Nei
Gutt,Nei
Gutt,Nei
Gutt,Nei
Gutt,Nei
Gutt,Nei
Gutt,Nei
Gutt,Nei
Gutt,Nei
Gutt,Nei
Gutt,Nei
Gutt,Nei
Gutt,Nei
Gutt,Nei
Gutt,Nei
Gutt,Nei
Gutt,Nei
Gutt,Nei
Gutt,Nei
Gutt,Nei
Gutt,Nei
Gutt,Nei
Gutt,Nei
Gutt,Nei
Gutt,Nei
Gutt,Nei
Gutt,Nei
Gutt,Nei
Gutt,Nei
Gutt,Nei
Gutt,Nei
Gutt,Nei
Gutt,Nei
Gutt,Nei
Gutt,Nei
Gutt,Nei
Gutt,Nei
Gutt,Nei
Gutt,Nei
Gutt,Nei
Gutt,Nei
Gutt,Nei
Gutt,Nei
Gutt,Nei
Gutt,Nei
Gutt,Nei
Gutt,Nei
Gutt,Nei
Gutt,Nei
Gutt,Nei
Gutt,Nei
Gutt,Nei
Gutt,Nei
Gutt,Nei
Gutt,Nei
Gutt,Nei
Gutt,Nei
Gutt,Nei
Gutt,Nei
Gutt,Nei
Gutt,Nei
Gutt,Nei
Gutt,Nei
Gutt,Nei
Gutt,Nei
Gutt,Nei
Gutt,Nei
Gutt,Nei
Gutt,Nei
Gutt,Nei
Gutt,Nei
Gutt,Nei
Gutt,Nei
Gutt,Nei
Gutt,Nei
Gutt,Nei
Gutt,Nei
Gutt,Nei
Gutt,Nei
Gutt,Nei
Gutt,Nei
Gutt,Nei
Gutt,Nei
Gutt,Nei
Gutt,Nei
Gutt,Nei
Gutt,Nei
Gutt,Nei
Gutt,Nei
Gutt,Nei
Gutt,Nei
Gutt,Nei
Gutt,Nei
Gutt,Nei
Gutt,Nei
Gutt,Nei
Gutt,Nei
Gutt,Nei
Gutt,Nei
Gutt,Nei
Gutt,Nei
Gutt,Nei
Gutt,Nei
Gutt,Nei
Gutt,Nei
Gutt,Nei
Gutt,Nei
Gutt,Nei
Gutt,Nei
Gutt,Nei
Gutt,Nei
Gutt,Nei
Gutt,Nei
Gutt,Nei
Gutt,Nei
Gutt,Nei
Gutt,Nei
Gutt,Nei
Gutt,Nei
Gutt,Nei
Gutt,Nei
Gutt,Nei
Gutt,Nei
Gutt,Nei
Gutt,Nei
Gutt,Nei
Gutt,Nei
Gutt,Nei
Gutt,Nei
Gutt,Nei
Gutt,Nei
Gutt,Nei
Gutt,Nei
Gutt,Nei
Gutt,Nei
Gutt,Nei
Gutt,Nei
Gutt,Nei
Gutt,Nei
Gutt,Nei
Gutt,Nei
Gutt,Nei
Gutt,Nei
Gutt,Nei
Gutt,Nei
Gutt,Nei
Gutt,Nei
Gutt,Nei
Gutt,Nei
Gutt,Nei
Gutt,Nei
Gutt,Nei
Gutt,Nei
Gutt,Nei
Gutt,Nei
Gutt,Nei
Gutt,Nei
Gutt,Nei
Gutt,Nei
Gutt,Nei
Gutt,Nei
Gutt,Nei
Gutt,Nei
Gutt,Nei
Gutt,Nei
Gutt,Nei
Gutt,Nei
Gutt,Nei
Gutt,Nei
Gutt,Nei
Gutt,Nei
Gutt,Nei
Gutt,Nei
Gutt,Nei
Gutt,Nei
Gutt,Nei
Gutt,Nei
Gutt,Nei
Gutt,Nei
Gutt,Nei
Gutt,Nei
Gutt,Nei
Gutt,Nei
Gutt,Nei
Gutt,Nei
Gutt,Nei
Gutt,Nei
Gutt,Nei
Gutt,Nei
Gutt,Nei
Gutt,Nei
Gutt,Nei
Gutt,Nei
Gutt,Nei
Gutt,Nei
Gutt,Nei
Gutt,Nei
Gutt,Nei
Gutt,Nei
Gutt,Nei
Gutt,Nei
Gutt,Nei
Gutt,Nei
Gutt,Nei
Gutt,Nei
Gutt,Nei
Gutt,Nei
Gutt,Nei
Gutt,Nei
Gutt,Nei
Gutt,Nei
Gutt,Nei
Gutt,Nei
Gutt,Nei
Gutt,Nei
Gutt,Nei
Gutt,Nei
Gutt,Nei
Gutt,Nei
Gutt,Nei
Gutt,Nei
Gutt,Nei
Gutt,Nei
Gutt,Nei
Gutt,Nei
Gutt,Nei
Gutt,Nei
Gutt,Nei
Gutt,Nei
Gutt,Nei
Gutt,Nei
Gutt,Nei
Gutt,Nei
Gutt,Nei
Gutt,Nei
Gutt,Nei
Gutt,Nei
Gutt,Nei
Gutt,Nei
Gutt,Nei
Gutt,Nei
Gutt,Nei
Gutt,Nei
Gutt,Nei
Gutt,Nei
Gutt,Nei
Gutt,Nei
Gutt,Nei
Gutt,Nei
Gutt,Nei
Gutt,Nei
Gutt,Nei
Gutt,Nei
Gutt,Nei
Gutt,Nei
Gutt,Nei
Gutt,Nei
Gutt,Nei
Gutt,Nei
Gutt,Nei
Gutt,Nei
Gutt,Nei
Gutt,Nei
Gutt,Nei
Gutt,Nei
Gutt,Nei
Gutt,Nei
Gutt,Nei
Gutt,Nei
Gutt,Nei
Gutt,Nei
Gutt,Nei
Gutt,Nei
Gutt,Nei
Gutt,Nei
Gutt,Nei
Gutt,Nei
Gutt,Nei
Gutt,Nei
Gutt,Nei
Gutt,Nei
Gutt,Nei
Gutt,Nei
Gutt,Nei
Gutt,Nei
Gutt,Nei
Gutt,Nei
Gutt,Nei
Gutt,Nei
Gutt,Nei
Gutt,Nei
Gutt,Nei
Gutt,Nei
Gutt,Nei
Gutt,Nei
Gutt,Nei
Gutt,Nei
Gutt,Nei
Gutt,Nei
Gutt,Nei
Gutt,Nei
Gutt,Nei
Gutt,Nei
Gutt,Nei
Gutt,Nei
Gutt,Nei
Gutt,Nei
Gutt,Nei
Gutt,Nei
Gutt,Nei
Gutt,Nei
Gutt,Nei
Gutt,Nei
Gutt,Nei
Gutt,Nei
Gutt,Nei
Gutt,Nei
Gutt,Nei
Gutt,Nei
Gutt,Nei
Gutt,Nei
Gutt,Nei
Gutt,Nei
Gutt,Nei
Gutt,Nei
Gutt,Nei
Gutt,Nei
Gutt,Nei
Gutt,Nei
Gutt,Nei
Gutt,Nei
Gutt,Nei
Gutt,Nei
Gutt,Nei
Gutt,Nei
Gutt,Nei
Gutt,Nei
Gutt,Nei
Gutt,Nei
Gutt,Nei
Gutt,Nei
Gutt,Nei
Gutt,Nei
Gutt,Nei
Gutt,Nei
Gutt,Nei
Gutt,Nei
Gutt,Nei
Gutt,Nei
Gutt,Nei
Gutt,Nei
Gutt,Nei
Gutt,Nei
Gutt,Nei
Gutt,Nei
Gutt,Nei
Gutt,Nei
Gutt,Nei
Gutt,Nei
Gutt,Nei
Gutt,Nei
Gutt,Nei
Gutt,Nei
Gutt,Nei
Gutt,Nei
Gutt,Nei
Gutt,Nei
Gutt,Nei
Gutt,Nei
Gutt,Nei
Gutt,Nei
Gutt,Nei
Gutt,Nei
Gutt,Nei
Gutt,Nei
Gutt,Nei
Gutt,Nei
Gutt,Nei
Gutt,Nei
Gutt,Nei
Gutt,Nei
Gutt,Nei
Gutt,Nei
Gutt,Nei
Gutt,Nei
Gutt,Nei
Gutt,Nei
Gutt,Nei
Gutt,Nei
Gutt,Nei
Gutt,Nei
Gutt,Nei
Gutt,Nei
Gutt,Nei
Gutt,Nei
Gutt,Nei
Gutt,Nei
Gutt,Nei
Gutt,Nei
Gutt,Nei
Gutt,Nei
Gutt,Nei
Gutt,Nei
Gutt,Nei
Gutt,Nei
Gutt,Nei
Gutt,Nei
Gutt,Nei
Gutt,Nei
Gutt,Nei
Gutt,Nei
Gutt,Nei
Gutt,Nei
Gutt,Nei
Gutt,Nei
Gutt,Nei
Gutt,Nei
Gutt,Nei
Gutt,Nei
Gutt,Nei
Gutt,Nei
Gutt,Nei
Gutt,Nei
Gutt,Nei
Gutt,Nei
Gutt,Nei
Gutt,Nei
Gutt,Nei
Gutt,Nei
Gutt,Nei
Gutt,Nei
Gutt,Nei
Gutt,Nei
Gutt,Nei
Gutt,Nei
Gutt,Nei
Gutt,Nei
Gutt,Nei
Gutt,Nei
Gutt,Nei
Gutt,Nei
Gutt,Nei
Gutt,Nei
Gutt,Nei
Gutt,Nei
Gutt,Nei
Gutt,Nei
Gutt,Nei
Gutt,Nei
Gutt,Nei
Gutt,Nei
Gutt,Nei
Gutt,Nei
Gutt,Nei
Gutt,Nei
Gutt,Nei
Gutt,Nei
Gutt,Nei
Gutt,Nei
Gutt,Nei
Gutt,Nei
Gutt,Nei
Gutt,Nei
Gutt,Nei
Gutt,Nei
Gutt,Nei
Gutt,Nei
Gutt,Nei
Gutt,Nei
Gutt,Nei
Gutt,Nei
Gutt,Nei
Gutt,Nei
Gutt,Nei
Gutt,Nei
Gutt,Nei
Gutt,Nei
Gutt,Nei
Gutt,Nei
Gutt,Nei
Gutt,Nei
Gutt,Nei
Gutt,Nei
Gutt,Nei
Gutt,Nei
Gutt,Nei
Gutt,Nei
Gutt,Nei
Gutt,Nei
Gutt,Nei
Gutt,Nei
Gutt,Nei
Gutt,Nei
Gutt,Nei
Gutt,Nei
Gutt,Nei
Gutt,Nei
Gutt,Nei
Gutt,Nei
Gutt,Nei
Gutt,Nei
Gutt,Nei
Gutt,Nei
Gutt,Nei
Gutt,Nei
Gutt,Nei
Gutt,Nei
Gutt,Nei
Gutt,Nei
Gutt,Nei
Gutt,Nei
Gutt,Nei
Gutt,Nei
Gutt,Nei
Gutt,Nei
Gutt,Nei
Gutt,Nei
Gutt,Nei
Gutt,Nei
Gutt,Nei
Gutt,Nei
Gutt,Nei
Gutt,Nei
Gutt,Nei
Gutt,Nei
Gutt,Nei
Gutt,Nei
Gutt,Nei
Gutt,Nei
Jente,Ja
Jente,Ja
Jente,Ja
Jente,Ja
Jente,Ja
Jente,Ja
Jente,Ja
Jente,Ja
Jente,Ja
Jente,Ja
Jente,Ja
Jente,Ja
Jente,Nei
Jente,Nei
Jente,Nei
Jente,Nei
Jente,Nei
Jente,Nei
Jente,Nei
Jente,Nei
Jente,Nei
Jente,Nei
Jente,Nei
Jente,Nei
Jente,Nei
Jente,Nei
Jente,Nei
Jente,Nei
Jente,Nei
Jente,Nei
Jente,Nei
Jente,Nei
Jente,Nei
Jente,Nei
Jente,Nei
Jente,Nei
Jente,Nei
Jente,Nei
Jente,Nei
Jente,Nei
Jente,Nei
Jente,Nei
Jente,Nei
Jente,Nei
Jente,Nei
Jente,Nei
Jente,Nei
Jente,Nei
Jente,Nei
Jente,Nei
Jente,Nei
Jente,Nei
Jente,Nei
Jente,Nei
Jente,Nei
Jente,Nei
Jente,Nei
Jente,Nei
Jente,Nei
Jente,Nei
Jente,Nei
Jente,Nei
Jente,Nei
Jente,Nei
Jente,Nei
Jente,Nei
Jente,Nei
Jente,Nei
Jente,Nei
Jente,Nei
Jente,Nei
Jente,Nei
Jente,Nei
Jente,Nei
Jente,Nei
Jente,Nei
Jente,Nei
Jente,Nei
Jente,Nei
Jente,Nei
Jente,Nei
Jente,Nei
Jente,Nei
Jente,Nei
Jente,Nei
Jente,Nei
Jente,Nei
Jente,Nei
Jente,Nei
Jente,Nei
Jente,Nei
Jente,Nei
Jente,Nei
Jente,Nei
Jente,Nei
Jente,Nei
Jente,Nei
Jente,Nei
Jente,Nei
Jente,Nei
Jente,Nei
Jente,Nei
Jente,Nei
Jente,Nei
Jente,Nei
Jente,Nei
Jente,Nei
Jente,Nei
Jente,Nei
Jente,Nei
Jente,Nei
Jente,Nei
Jente,Nei
Jente,Nei
Jente,Nei
Jente,Nei
Jente,Nei
Jente,Nei
Jente,Nei
Jente,Nei
Jente,Nei
Jente,Nei
Jente,Nei
Jente,Nei
Jente,Nei
Jente,Nei
Jente,Nei
Jente,Nei
Jente,Nei
Jente,Nei
Jente,Nei
Jente,Nei
Jente,Nei
Jente,Nei
Jente,Nei
Jente,Nei
Jente,Nei
Jente,Nei
Jente,Nei
Jente,Nei
Jente,Nei
Jente,Nei
Jente,Nei
Jente,Nei
Jente,Nei
Jente,Nei
Jente,Nei
Jente,Nei
Jente,Nei
Jente,Nei
Jente,Nei
Jente,Nei
Jente,Nei
Jente,Nei
Jente,Nei
Jente,Nei
Jente,Nei
Jente,Nei
Jente,Nei
Jente,Nei
Jente,Nei
Jente,Nei
Jente,Nei
Jente,Nei
Jente,Nei
Jente,Nei
Jente,Nei
Jente,Nei
Jente,Nei
Jente,Nei
Jente,Nei
Jente,Nei
Jente,Nei
Jente,Nei
Jente,Nei
Jente,Nei
Jente,Nei
Jente,Nei
Jente,Nei
Jente,Nei
Jente,Nei
Jente,Nei
Jente,Nei
Jente,Nei
Jente,Nei
Jente,Nei
Jente,Nei
Jente,Nei
Jente,Nei
Jente,Nei
Jente,Nei
Jente,Nei
Jente,Nei
Jente,Nei
Jente,Nei
Jente,Nei
Jente,Nei
Jente,Nei
Jente,Nei
Jente,Nei
Jente,Nei
Jente,Nei
Jente,Nei
Jente,Nei
Jente,Nei
Jente,Nei
Jente,Nei
Jente,Nei
Jente,Nei
Jente,Nei
Jente,Nei
Jente,Nei
Jente,Nei
Jente,Nei
Jente,Nei
Jente,Nei
Jente,Nei
Jente,Nei
Jente,Nei
Jente,Nei
Jente,Nei
Jente,Nei
Jente,Nei
Jente,Nei
Jente,Nei
Jente,Nei
Jente,Nei
Jente,Nei
Jente,Nei
Jente,Nei
Jente,Nei
Jente,Nei
Jente,Nei
Jente,Nei
Jente,Nei
Jente,Nei
Jente,Nei
Jente,Nei
Jente,Nei
Jente,Nei
Jente,Nei
Jente,Nei
Jente,Nei
Jente,Nei
Jente,Nei
Jente,Nei
Jente,Nei
Jente,Nei
Jente,Nei
Jente,Nei
Jente,Nei
Jente,Nei
Jente,Nei
Jente,Nei
Jente,Nei
Jente,Nei
Jente,Nei
Jente,Nei
Jente,Nei
Jente,Nei
Jente,Nei
Jente,Nei
Jente,Nei
Jente,Nei
Jente,Nei
Jente,Nei
Jente,Nei
Jente,Nei
Jente,Nei
Jente,Nei
Jente,Nei
Jente,Nei
Jente,Nei
Jente,Nei
Jente,Nei
Jente,Nei
Jente,Nei
Jente,Nei
Jente,Nei
Jente,Nei
Jente,Nei
Jente,Nei
Jente,Nei
Jente,Nei
Jente,Nei
Jente,Nei
Jente,Nei
Jente,Nei
Jente,Nei
Jente,Nei
Jente,Nei
Jente,Nei
Jente,Nei
Jente,Nei
Jente,Nei
Jente,Nei
Jente,Nei
Jente,Nei
Jente,Nei
Jente,Nei
Jente,Nei
Jente,Nei
Jente,Nei
Jente,Nei
Jente,Nei
Jente,Nei
Jente,Nei
Jente,Nei
Jente,Nei
Jente,Nei
Jente,Nei
Jente,Nei
Jente,Nei
Jente,Nei
Jente,Nei
Jente,Nei
Jente,Nei
Jente,Nei
Jente,Nei
Jente,Nei
Jente,Nei
Jente,Nei
Jente,Nei
Jente,Nei
Jente,Nei
Jente,Nei
Jente,Nei
Jente,Nei
Jente,Nei
Jente,Nei
Jente,Nei
Jente,Nei
Jente,Nei
Jente,Nei
Jente,Nei
Jente,Nei
Jente,Nei
Jente,Nei
Jente,Nei
Jente,Nei
Jente,Nei
Jente,Nei
Jente,Nei
Jente,Nei
Jente,Nei
Jente,Nei
Jente,Nei
Jente,Nei
Jente,Nei
Jente,Nei
Jente,Nei
Jente,Nei
Jente,Nei
Jente,Nei
Jente,Nei
Jente,Nei
Jente,Nei
Jente,Nei
Jente,Nei
Jente,Nei
Jente,Nei
Jente,Nei
Jente,Nei
Jente,Nei
Jente,Nei
Jente,Nei
Jente,Nei
Jente,Nei
Jente,Nei
Jente,Nei
Jente,Nei
Jente,Nei
Jente,Nei
Jente,Nei
Jente,Nei
Jente,Nei
Jente,Nei
Jente,Nei
Jente,Nei
Jente,Nei
Jente,Nei
Jente,Nei
Jente,Nei
Jente,Nei
Jente,Nei
Jente,Nei
Jente,Nei
Jente,Nei
Jente,Nei
Jente,Nei
Jente,Nei
Jente,Nei
Jente,Nei
Jente,Nei
Jente,Nei
Jente,Nei
Jente,Nei
Jente,Nei
Jente,Nei
Jente,Nei
Jente,Nei
Jente,Nei
Jente,Nei
Jente,Nei
Jente,Nei
Jente,Nei
Jente,Nei
Jente,Nei
Jente,Nei
Jente,Nei
Jente,Nei
Jente,Nei
Jente,Nei
Jente,Nei
Jente,Nei
Jente,Nei
Jente,Nei
Jente,Nei
Jente,Nei
Jente,Nei
Jente,Nei
Jente,Nei
Jente,Nei
Jente,Nei
Jente,Nei
Jente,Nei
Jente,Nei
Jente,Nei
Jente,Nei
Jente,Nei
Jente,Nei
Jente,Nei
Jente,Nei
Jente,Nei
Jente,Nei
Jente,Nei
Jente,Nei
Jente,Nei
Jente,Nei
Jente,Nei
Jente,Nei
Jente,Nei
Jente,Nei
Jente,Nei
Jente,Nei
Jente,Nei
Jente,Nei
Jente,Nei
Jente,Nei
Jente,Nei
Jente,Nei
Jente,Nei
Jente,Nei
Jente,Nei
Jente,Nei
Jente,Nei
Jente,Nei
Jente,Nei
Jente,Nei
Jente,Nei
Jente,Nei
Jente,Nei
Jente,Nei
Jente,Nei
Jente,Nei
Jente,Nei
Jente,Nei
Jente,Nei
Jente,Nei
Jente,Nei
Jente,Nei
Jente,Nei
Jente,Nei
Jente,Nei
Jente,Nei
Jente,Nei
Jente,Nei
Jente,Nei
Jente,Nei
Jente,Nei
Jente,Nei
Jente,Nei
Jente,Nei
Jente,Nei
Jente,Nei
Jente,Nei
Jente,Nei
Jente,Nei
Jente,Nei
Jente,Nei
Jente,Nei
Jente,Nei
Jente,Nei
Jente,Nei
Jente,Nei
Jente,Nei
Jente,Nei
Jente,Nei
Jente,Nei
Jente,Nei
Jente,Nei
Jente,Nei
Jente,Nei
Jente,Nei
Jente,Nei
Jente,Nei
Jente,Nei
Jente,Nei
Jente,Nei
Jente,Nei
Jente,Nei
Jente,Nei
Jente,Nei
Jente,Nei
Jente,Nei
Jente,Nei
Jente,Nei
Jente,Nei
Jente,Nei
Jente,Nei
Jente,Nei
Jente,Nei
Jente,Nei
Jente,Nei
Jente,Nei
Jente,Nei
Jente,Nei
Jente,Nei
Jente,Nei
Jente,Nei
Jente,Nei
Jente,Nei
Jente,Nei
Jente,Nei
Jente,Nei
Jente,Nei
Jente,Nei
Jente,Nei
Jente,Nei
Jente,Nei
Jente,Nei
Jente,Nei
Jente,Nei
Jente,Nei
Jente,Nei
Jente,Nei
Jente,Nei
Jente,Nei
Jente,Nei
Jente,Nei
Jente,Nei
Jente,Nei
Jente,Nei
Jente,Nei
Jente,Nei
Jente,Nei
Jente,Nei
Jente,Nei
Jente,Nei
Jente,Nei
Jente,Nei
Jente,Nei
Jente,Nei
Jente,Nei
Jente,Nei
Jente,Nei
Jente,Nei
Jente,Nei
Jente,Nei
Jente,Nei
Jente,Nei
Jente,Nei
Jente,Nei
Jente,Nei
Jente,Nei
Jente,Nei
Jente,Nei
Jente,Nei
Jente,Nei
Jente,Nei
Jente,Nei
Jente,Nei
Jente,Nei
Jente,Nei
Jente,Nei
Jente,Nei
Jente,Nei
Jente,Nei
Jente,Nei
Jente,Nei
Jente,Nei
Jente,Nei
Jente,Nei
Jente,Nei
Jente,Nei
Jente,Nei
Jente,Nei
Jente,Nei
Jente,Nei
Jente,Nei
Jente,Nei
Jente,Nei
Jente,Nei
Jente,Nei
Jente,Nei
Jente,Nei
Jente,Nei
Jente,Nei
Jente,Nei
Jente,Nei
Jente,Nei
Jente,Nei
Jente,Nei
Jente,Nei
Jente,Nei
Jente,Nei
Jente,Nei
Jente,Nei
Jente,Nei
Jente,Nei
Jente,Nei
Jente,Nei
Jente,Nei
Jente,Nei
Jente,Nei
Jente,Nei
Jente,Nei
Jente,Nei
Jente,Nei
Jente,Nei
Jente,Nei
Jente,Nei
Jente,Nei
Jente,Nei
Jente,Nei
Jente,Nei
Jente,Nei
Jente,Nei
Jente,Nei
Jente,Nei
Jente,Nei
Jente,Nei
Jente,Nei
Jente,Nei
Jente,Nei
Jente,Nei
Jente,Nei
Jente,Nei
Jente,Nei
Jente,Nei
Jente,Nei
Jente,Nei
Jente,Nei
Jente,Nei
Jente,Nei
Jente,Nei
Jente,Nei
Jente,Nei
Jente,Nei
Jente,Nei
Jente,Nei
Jente,Nei
Jente,Nei
Jente,Nei
Jente,Nei
Jente,Nei
Jente,Nei
Jente,Nei
Jente,Nei
Jente,Nei
Jente,Nei
Jente,Nei
Jente,Nei
Jente,Nei
Jente,Nei
Jente,Nei
Jente,Nei
Jente,Nei
Jente,Nei
Jente,Nei
Jente,Nei
Jente,Nei
Jente,Nei
Jente,Nei
Jente,Nei
Jente,Nei
Jente,Nei
Jente,Nei
Jente,Nei
Jente,Nei
Jente,Nei
Jente,Nei
Jente,Nei
Jente,Nei
Jente,Nei
Jente,Nei
Jente,Nei
Jente,Nei
Jente,Nei
Jente,Nei
Jente,Nei
Jente,Nei
Jente,Nei
Jente,Nei
Jente,Nei
Jente,Nei
Jente,Nei
Jente,Nei
Jente,Nei
Jente,Nei
Jente,Nei
Jente,Nei
Jente,Nei
Jente,Nei
Jente,Nei
Jente,Nei
Jente,Nei
Jente,Nei
Jente,Nei
Jente,Nei
Jente,Nei
Jente,Nei
Jente,Nei
Jente,Nei
Jente,Nei
Jente,Nei
Jente,Nei
Jente,Nei
Jente,Nei
Jente,Nei
Jente,Nei
Jente,Nei
Jente,Nei
Jente,Nei
Jente,Nei
Jente,Nei
Jente,Nei
Jente,Nei
Jente,Nei
Jente,Nei
Jente,Nei
Jente,Nei
Jente,Nei
Jente,Nei
Jente,Nei
Jente,Nei
Jente,Nei
Jente,Nei
Jente,Nei
Jente,Nei
Jente,Nei
Jente,Nei
Jente,Nei
Jente,Nei
Jente,Nei
Jente,Nei
Jente,Nei
Jente,Nei
Jente,Nei
Jente,Nei
Jente,Nei
Jente,Nei
Jente,Nei
Jente,Nei
Jente,Nei
Jente,Nei
Jente,Nei
Jente,Nei
Jente,Nei
Jente,Nei
Jente,Nei
Jente,Nei
Jente,Nei
Jente,Nei
Jente,Nei
Jente,Nei
Jente,Nei
Jente,Nei
Jente,Nei
Jente,Nei
Jente,Nei
Jente,Nei
Jente,Nei
Jente,Nei
Jente,Nei
Jente,Nei
Jente,Nei
Jente,Nei
Jente,Nei
Jente,Nei
Jente,Nei
Jente,Nei
Jente,Nei
Jente,Nei
Jente,Nei
Jente,Nei
Jente,Nei
Jente,Nei
Jente,Nei
Jente,Nei
Jente,Nei
Jente,Nei
Jente,Nei
Jente,Nei
Jente,Nei
Jente,Nei
Jente,Nei
Jente,Nei
Jente,Nei
Jente,Nei
Jente,Nei
Jente,Nei
Jente,Nei
Jente,Nei
Jente,Nei
Jente,Nei
Jente,Nei
Jente,Nei
Jente,Nei
Jente,Nei
Jente,Nei
Jente,Nei
Jente,Nei
Jente,Nei
